Metric,Train,Test
MSE,3461.601293967629,3612.3883233507863
R2,0.12061337559792595,0.13925533045822713
