Metric,Train,Test
MSE,158.81379313172314,351.88533896456573
R2,0.9603957933988702,0.9136839155702657
