Metric,Train,Test
MSE,464.7176160755923,545.4295758562384
R2,0.884110994924874,0.8662082783596107
